Index,Links Image
1,1.jpg
1,2.jpg
1,3.jpg
1,4.jpg
1,5.jpg
1,6.jpg
1,7.jpg
1,8.jpg
1,9.jpg
1,10.jpg
1,11.jpg
1,12.jpg
1,13.jpg
1,14.jpg
1,15.jpg
1,16.jpg
1,17.jpg
1,18.jpg
1,19.jpg
1,20.jpg
1,21.jpg
1,22.jpg
1,23.jpg
1,24.jpg
1,25.jpg
1,26.jpg
1,27.jpg
1,28.jpg
1,29.jpg
1,30.jpg
1,31.jpg
1,32.jpg
1,33.jpg
1,34.jpg
1,35.jpg
1,36.jpg
1,37.jpg
1,38.jpg
1,39.jpg
1,40.jpg
1,41.jpg
1,42.jpg
1,43.jpg
1,44.jpg
1,45.jpg
1,46.jpg
1,47.jpg
1,48.jpg
1,49.jpg
1,50.jpg
1,51.jpg
1,52.jpg
1,53.jpg
1,54.jpg
1,55.jpg
1,56.jpg
1,57.jpg
1,58.jpg
1,59.jpg
1,60.jpg
1,61.jpg
1,62.jpg
1,63.jpg
1,64.jpg
1,65.jpg
1,66.jpg
1,67.jpg
1,68.jpg
1,69.jpg
1,70.jpg
1,71.jpg
1,72.jpg
1,73.jpg
1,74.jpg
1,75.jpg
1,76.jpg
1,77.jpg
1,78.jpg
1,79.jpg
1,80.jpg
1,81.jpg
1,82.jpg
2,83.jpg
2,84.jpg
2,85.jpg
2,86.jpg
2,87.jpg
2,88.jpg
2,89.jpg
2,90.jpg
2,91.jpg
2,92.jpg
2,93.jpg
2,94.jpg
2,95.jpg
2,96.jpg
2,97.jpg
2,98.jpg
2,99.jpg
2,100.jpg
2,101.jpg
2,102.jpg
2,103.jpg
2,104.jpg
2,105.jpg
2,106.jpg
2,107.jpg
2,108.jpg
2,109.jpg
2,110.jpg
2,111.jpg
2,112.jpg
2,113.jpg
2,114.jpg
2,115.jpg
2,116.jpg
2,117.jpg
2,118.jpg
2,119.jpg
2,120.jpg
2,121.jpg
2,122.jpg
2,123.jpg
2,124.jpg
2,125.jpg
2,126.jpg
2,127.jpg
2,128.jpg
2,129.jpg
2,130.jpg
2,131.jpg
2,132.jpg
2,133.jpg
2,134.jpg
2,135.jpg
2,136.jpg
2,137.jpg
2,138.jpg
2,139.jpg
2,140.jpg
2,141.jpg
2,142.jpg
2,143.jpg
2,144.jpg
2,145.jpg
2,146.jpg
2,147.jpg
2,148.jpg
2,149.jpg
2,150.jpg
2,151.jpg
2,152.jpg
2,153.jpg
2,154.jpg
2,155.jpg
2,156.jpg
2,157.jpg
2,158.jpg
2,159.jpg
2,160.jpg
2,161.jpg
2,162.jpg
2,163.jpg
2,164.jpg
2,165.jpg
2,166.jpg
3,167.jpg
3,168.jpg
3,169.jpg
3,170.jpg
3,171.jpg
3,172.jpg
3,173.jpg
3,174.jpg
3,175.jpg
3,176.jpg
3,177.jpg
3,178.jpg
3,179.jpg
3,180.jpg
3,181.jpg
3,182.jpg
3,183.jpg
3,184.jpg
3,185.jpg
3,186.jpg
3,187.jpg
3,188.jpg
3,189.jpg
3,190.jpg
3,191.jpg
3,192.jpg
3,193.jpg
3,194.jpg
3,195.jpg
3,196.jpg
3,197.jpg
3,198.jpg
3,199.jpg
3,200.jpg
3,201.jpg
3,202.jpg
3,203.jpg
3,204.jpg
3,205.jpg
3,206.jpg
3,207.jpg
3,208.jpg
3,209.jpg
3,210.jpg
3,211.jpg
3,212.jpg
3,213.jpg
3,214.jpg
3,215.jpg
3,216.jpg
3,217.jpg
3,218.jpg
3,219.jpg
3,220.jpg
3,221.jpg
3,222.jpg
3,223.jpg
3,224.jpg
3,225.jpg
3,226.jpg
3,227.jpg
3,228.jpg
3,229.jpg
3,230.jpg
3,231.jpg
3,232.jpg
3,233.jpg
3,234.jpg
3,235.jpg
3,236.jpg
3,237.jpg
3,238.jpg
3,239.jpg
3,240.jpg
3,241.jpg
3,242.jpg
3,243.jpg
3,244.jpg
3,245.jpg
3,246.jpg
3,247.jpg
3,248.jpg
3,249.jpg
3,250.jpg
3,251.jpg
3,252.jpg
3,253.jpg
3,254.jpg
3,255.jpg
3,256.jpg
3,257.jpg
3,258.jpg
3,259.jpg
3,260.jpg
3,261.jpg
3,262.jpg
3,263.jpg
3,264.jpg
3,265.jpg
3,266.jpg
3,267.jpg
3,268.jpg
3,269.jpg
3,270.jpg
3,271.jpg
3,272.jpg
3,273.jpg
3,274.jpg
3,275.jpg
3,276.jpg
4,277.jpg
4,278.jpg
4,279.jpg
4,280.jpg
4,281.jpg
4,282.jpg
4,283.jpg
4,284.jpg
4,285.jpg
4,286.jpg
4,287.jpg
4,288.jpg
4,289.jpg
4,290.jpg
4,291.jpg
4,292.jpg
4,293.jpg
4,294.jpg
4,295.jpg
4,296.jpg
4,297.jpg
4,298.jpg
4,299.jpg
4,300.jpg
4,301.jpg
4,302.jpg
4,303.jpg
4,304.jpg
4,305.jpg
4,306.jpg
4,307.jpg
4,308.jpg
4,309.jpg
4,310.jpg
4,311.jpg
4,312.jpg
4,313.jpg
4,314.jpg
4,315.jpg
4,316.jpg
4,317.jpg
4,318.jpg
4,319.jpg
4,320.jpg
4,321.jpg
4,322.jpg
4,323.jpg
4,324.jpg
4,325.jpg
4,326.jpg
4,327.jpg
4,328.jpg
4,329.jpg
4,330.jpg
4,331.jpg
4,332.jpg
4,333.jpg
4,334.jpg
4,335.jpg
4,336.jpg
4,337.jpg
4,338.jpg
4,339.jpg
4,340.jpg
4,341.jpg
4,342.jpg
4,343.jpg
4,344.jpg
4,345.jpg
4,346.jpg
4,347.jpg
4,348.jpg
4,349.jpg
4,350.jpg
4,351.jpg
4,352.jpg
4,353.jpg
4,354.jpg
4,355.jpg
4,356.jpg
4,357.jpg
4,358.jpg
4,359.jpg
4,360.jpg
4,361.jpg
4,362.jpg
4,363.jpg
4,364.jpg
4,365.jpg
4,366.jpg
4,367.jpg
5,368.jpg
5,369.jpg
5,370.jpg
5,371.jpg
5,372.jpg
5,373.jpg
5,374.jpg
5,375.jpg
5,376.jpg
5,377.jpg
5,378.jpg
5,379.jpg
5,380.jpg
5,381.jpg
5,382.jpg
5,383.jpg
5,384.jpg
5,385.jpg
5,386.jpg
5,387.jpg
5,388.jpg
5,389.jpg
5,390.jpg
5,391.jpg
5,392.jpg
5,393.jpg
5,394.jpg
5,395.jpg
5,396.jpg
5,397.jpg
5,398.jpg
5,399.jpg
5,400.jpg
5,401.jpg
5,402.jpg
5,403.jpg
5,404.jpg
5,405.jpg
5,406.jpg
5,407.jpg
5,408.jpg
5,409.jpg
5,410.jpg
5,411.jpg
5,412.jpg
5,413.jpg
5,414.jpg
5,415.jpg
5,416.jpg
5,417.jpg
5,418.jpg
5,419.jpg
5,420.jpg
5,421.jpg
5,422.jpg
5,423.jpg
5,424.jpg
5,425.jpg
5,426.jpg
5,427.jpg
5,428.jpg
5,429.jpg
5,430.jpg
5,431.jpg
5,432.jpg
5,433.jpg
5,434.jpg
5,435.jpg
5,436.jpg
5,437.jpg
5,438.jpg
5,439.jpg
5,440.jpg
5,441.jpg
5,442.jpg
5,443.jpg
5,444.jpg
5,445.jpg
5,446.jpg
5,447.jpg
5,448.jpg
5,449.jpg
5,450.jpg
5,451.jpg
5,452.jpg
5,453.jpg
5,454.jpg
5,455.jpg
5,456.jpg
5,457.jpg
5,458.jpg
5,459.jpg
5,460.jpg
5,461.jpg
5,462.jpg
5,463.jpg
5,464.jpg
5,465.jpg
5,466.jpg
5,467.jpg
5,468.jpg
5,469.jpg
5,470.jpg
5,471.jpg
6,472.jpg
6,473.jpg
6,474.jpg
6,475.jpg
6,476.jpg
6,477.jpg
6,478.jpg
6,479.jpg
6,480.jpg
6,481.jpg
6,482.jpg
6,483.jpg
6,484.jpg
6,485.jpg
6,486.jpg
6,487.jpg
6,488.jpg
6,489.jpg
6,490.jpg
6,491.jpg
6,492.jpg
6,493.jpg
6,494.jpg
6,495.jpg
6,496.jpg
6,497.jpg
6,498.jpg
6,499.jpg
6,500.jpg
6,501.jpg
6,502.jpg
6,503.jpg
6,504.jpg
6,505.jpg
6,506.jpg
6,507.jpg
6,508.jpg
6,509.jpg
6,510.jpg
6,511.jpg
6,512.jpg
7,513.jpg
7,514.jpg
7,515.jpg
7,516.jpg
7,517.jpg
7,518.jpg
7,519.jpg
7,520.jpg
7,521.jpg
7,522.jpg
7,523.jpg
7,524.jpg
7,525.jpg
7,526.jpg
7,527.jpg
7,528.jpg
7,529.jpg
7,530.jpg
7,531.jpg
7,532.jpg
7,533.jpg
7,534.jpg
7,535.jpg
7,536.jpg
7,537.jpg
7,538.jpg
7,539.jpg
7,540.jpg
7,541.jpg
7,542.jpg
7,543.jpg
7,544.jpg
7,545.jpg
7,546.jpg
7,547.jpg
7,548.jpg
7,549.jpg
7,550.jpg
7,551.jpg
7,552.jpg
